term;index
ارتفع;0
دولار;1
امريك;2
تداول;3
خميس;4
ترقب;5
متعامل;6
صدور;7
بيان;8
تضخم;9
ولاي;10
متحد;11
قييم;12
تبع;13
رسوم;14
جمرك;15
جديد;16
شنطن;17
وبك;18
مسار;19
سياس;20
نقد;21
وبحلول;22
وقيت;23
غرينتش;24
صعد;25
موشر;26
يقيس;27
ادا;28
عمل;29
ين;30
جن;31
استرلين;32
يورو;33
وثلاث;34
رييس;35
اخر;36
بنسب;37
رتفع;38
بعدم;39
مس;40
اعل;41
مستو;42
اكتوبر;43
وسط;44
انتظار;45
سوق;46
تفاصيل;47
حزم;48
تحفيز;49
كبير;50
وزرا;51
يابان;52
سانا;53
تاكايتش;54
ينظر;55
توجهات;56
تميل;57
تيسير;58
مال;59
مقابل;60
بق;61
ضغط;62
اظهرت;63
بريطان;64
استقرار;65
سنو;66
سعار;67
مستهلك;68
شهر;69
خلاف;70
وقع;71
سارع;72
قراا;73
تراجع;74
هبط;75
مستثمر;76
تقرير;77
عتبار;78
محدد;79
رييسي;80
خفض;81
فايد;82
اشهر;83
مقبل;84
تفوق;85
توقع;86
تدعم;87
بقا;88
مرتفع;89
د;90
اطول;91
عزز;92
تحي;93
اضعف;94
امال;95
اسرع;96
يضغط;97
دعم;98
اصول;99
حساس;100
سيول;101
حسم;102
موتمر;103
وطن;104
لحزب;105
اتحاد;106
اشتراك;107
قو;108
شعب;109
منعقد;110
ببوزنيق;111
جار;112
تجديد;113
ثق;114
دريس;115
لشكر;116
امي;117
عام;118
حزب;119
لولا;120
رابع;121
تال;122
وجا;123
قرار;124
عقب;125
تصويت;126
داخل;127
نال;128
اغلب;129
مطلق;130
صو;131
معارض;132
فقط;133
ا;134
يعكس;135
سع;136
ستمرار;137
قياد;138
تنظيم;139
مرحل;140
اق;141
اس;142
يرا;143
عزيز;144
تموقع;145
مشهد;146
استعداد;147
استحقاق;148
رجم;149
اولوي;150
برنامج;151
تمثيل;152
موسس;153
عرض;154
برز;155
عناو;156
صحف;157
مغرب;158
صادر;159
عليم;160
سام;161
جلال;162
ملك;163
صاحب;164
سمو;165
ول;166
عهد;167
امير;168
مولا;169
حسن;170
راس;171
حفل;172
اقام;173
شرف;174
اعضا;175
منتخب;176
لكر;177
قدم;178
قل;179
سن;180
بطل;181
عالم;182
صحرا;183
محمد;184
سادس;185
نصر;186
ل;187
تراس;188
اربعا;189
قصر;190
رباط;191
ظفر;192
بكاس;193
نظمت;194
شيل;195
عكس;196
استقبال;197
عنا;198
ف;199
حفظ;200
يحيط;201
شباب;202
ودعم;203
تفتح;204
عبر;205
رياض;206
اهتمام;207
خاص;208
يول;209
قطاع;210
عموم;211
وكر;212
وج;213
خصوص;214
خطوط;215
تطلق;216
خط;217
جوي;218
مباشر;219
يربط;220
دار;221
بيضا;222
بسانت;223
بطرسبورغ;224
مخطط;225
تنمو;226
وسعي;227
متواصل;228
لربط;229
اسواق;230
موهل;231
واعد;232
اطلقت;233
وسانت;234
بروسي;235
وسيمكن;236
جو;237
تم;238
تشغيل;239
ابتدا;240
ربط;241
مدينت;242
اقل;243
ساع;244
صندوق;245
استثمار;246
احداث;247
بحسب;248
مرفق;249
شروع;250
قان;251
لسن;252
وضع;253
محاسب;254
لصندوق;255
يرتقب;256
غير;257
فتر;258
عز;259
تغير;260
ارتفاع;261
ير;262
علق;263
امر;264
نمو;265
ثاب;266
موازا;267
تنفيذ;268
التزام;269
تكاليف;270
تتبع;271
تسيير;272
مرتبط;273
مساهم;274
حفاظ;275
نموذج;276
ذ;277
اثار;278
يزم;279
اشراك;280
افراد;281
جال;282
تنم;283
مجلس;284
خارج;285
ادريس;286
يعد;287
بلد;288
رايد;289
مجال;290
مخصص;291
شراك;292
جالي;293
ند;294
نظم;295
تسعيني;296
قرن;297
ماض;298
مملك;299
عديد;300
مبادر;301
مهيكل;302
م;303
مغارب;304
مقيم;305
اشاد;306
تقدم;307
محرز;308
رقمن;309
خدم;310
مقدم;311
فراد;312
سلط;313
قضاي;314
يقدم;315
حصيل;316
سجل;317
برسم;318
نشر;319
عدد;320
اخير;321
جريد;322
رسم;323
مواصل;324
برامج;325
وراش;326
هادف;327
تنزيل;328
رو;329
اصلاح;330
قضا;331
خليق;332
وعصرن;333
رفع;334
نجاع;335
وكشف;336
دينام;337
ملحوظ;338
تخليق;339
منظوم;340
جانب;341
تحسن;342
ملموس;343
شفاف;344
محا;345
مونديال;346
يجمع;347
مقاول;348
سباني;349
برتغال;350
قرر;351
قاول;352
اسبان;353
اعمال;354
تحاد;355
ثلاثا;356
لجن;357
مشترك;358
ظاهر;359
كاس;360
وحسب;361
بلاغ;362
تعن;363
عداد;364
خارط;365
طريق;366
ثلاث;367
تهدف;368
تبادل;369
خبر;370
وبنا;371
تس;372
تعزيز;373
اثر;374
اقتصاد;375
اجتماع;376
لكاس;377
سياق;378
اتفاق;379
منتد;380
مقاولا;381
مغربياسبانيبرتغال;382
مطلع;383
رجال;384
دول;385
رقم;386
استدلال;387
اثم;388
استهلاك;389
ب;390
ما;391
شتنبر;392
نهار;393
افادت;394
مندوب;395
تخطيط;396
مقارن;397
وضحت;398
مذكر;399
اخبار;400
ج;401
تزايد;402
مواد;403
غذاي;404
ثم;405
حكوم;406
ترا;407
تمويل;408
مبتكر;409
غط;410
موارد;411
ميزان;412
ارتفعت;413
مسبوق;414
بلغ;415
در;416
مدفوع;417
بزياد;418
اعتماد;419
وعل;420
تعليم;421
صح;422
يقابل;423
غموض;424
مصادر;425
توسيع;426
بد;427
استخدام;428
ي;429
مويل;430
مشاريع;431
تسييل;432
عفاا;433
موسع;434
جباي;435
رسال;436
ام;437
حمل;438
مشروع;439
تدابير;440
شملت;441
استيراد;442
لحما;443
انتاج;444
وسيع;445
اعفاا;446
ضريب;447
شجيع;448
حس;449
مناخ;450
فتح;451
جبه;452
غش;453
فواتير;454
وهم;455
رقع;456
مراقب;457
قر;458
تمديد;459
تضامن;460
غا;461
بولوني;462
تشيد;463
طموح;464
حرك;465
اشادت;466
تعبير;467
طرف;468
نايب;469
وزير;470
اول;471
شو;472
بولون;473
رادوسولاف;474
كورسك;475
بي;476
صدر;477
مباحث;478
هاتف;479
اجرا;480
تعا;481
افريق;482
ناصر;483
بوريط;484
يقود;485
مكنت;486
ترسيخ;487
مكان;488
كشريك;489
مصداق;490
وثوق;491
سوول;492
اوروب;493
افريقي;494
وسيط;495
عل;496
محور;497
صل;498
مواطن;499
طارق;500
تضطلع;501
بدور;502
اساس;503
وفاعل;504
وذلك;505
رصد;506
اختلال;507
ادار;508
وحما;509
حقوق;510
وضح;511
كلم;512
افتتاح;513
دور;514
تكوين;515
لفايد;516
مساعد;517
جمع;518
امبودسم;519
وسطا;520
فرانكفوني;521
استراتيج;522
حما;523
تقديم;524
مقترح;525
كفيل;526
حكام;527
انس;528
نزار;529
برك;530
ماي;531
جماع;532
طلب;533
تعب;534
طاق;535
علم;536
تجهيز;537
تت;538
قض;539
تحظ;540
درج;541
اولو;542
مشير;543
بارز;544
تولي;545
توجيه;546
تستند;547
شامل;548
ستباق;549
واجه;550
تحدي;551
حرص;552
مستمر;553
يجاد;554
حلول;555
بضم;556
تزويد;557
صالح;558
شرب;559
لب;560
حاجي;561
سق;562
زراع;563
ينف;564
زياد;565
اسعار;566
ادو;567
نف;568
تهراو;569
تسجيل;570
تعريف;571
طب;572
مرجع;573
معتمد;574
تعود;575
تحيين;576
بعد;577
موكد;578
وزار;579
ملتزم;580
خفيف;581
عب;582
تفعيل;583
تكفل;584
تام;585
اجبار;586
مرض;587
تقليص;588
كلف;589
علاج;590
يضمن;591
عدال;592
ستدام;593
لومات;594
ورش;595
حال;596
مدن;597
كونوميست;598
تحضير;599
لعمل;600
دخال;601
انظم;602
معلومات;603
تعمل;604
احصا;605
ملاي;606
وثايق;607
ورق;608
متعلق;609
شمل;610
عمال;611
قاليم;612
جه;613
استكمال;614
جهت;615
بيضااسط;616
رباطسلاالقنيطر;617
جر;618
معالج;619
حوال;620
وثيق;621
ولاد;622
وفي;623
وعقود;624
زواج;625
قاعد;626
راغوا;627
تجدد;628
تاكيد;629
راسخ;630
لسياد;631
جدد;632
نواب;633
بجمهور;634
راوول;635
لويس;636
تور;637
بجنيف;638
بلاد;639
ثابت;640
اقاليم;641
جنوب;642
منو;643
ح;644
حل;645
عادل;646
وذ;647
نزاع;648
مفتعل;649
مسوول;650
باراغوايان;651
تصريح;652
صحاف;653
مستشار;654
ولد;655
رشيد;656
هامش;657
اشغال;658
ال;659
برلمان;660
تعتبر;661
جز;662
موقف;663
بخصوص;664
ضح;665
لبس;666
اعطا;667
لورش;668
مكافح;669
فساد;670
سيد;671
اخنوش;672
وبنعليلو;673
عقد;674
هي;675
نزاه;676
وقا;677
رش;678
حاربت;679
بنعليلو;680
خلال;681
اجراا;682
عطا;683
كامل;684
ادوار;685
دستور;686
مناع;687
حارب;688
وذكر;689
لرياس;690
لقا;691
بحث;692
سبل;693
اضفا;694
تفاعل;695
بنا;696
مختلف;697
فاعل;698
ديس;699
اباب;700
توقيع;701
تفا;702
مفوض;703
ووقع;704
محمود;705
يوسف;706
ورييس;707
مومون;708
ديال;709
بحضور;710
سفير;711
ممثل;712
دايم;713
فريقي;714
عروش;715
س;716
مجرد;717
مستفيد;718
اسات;719
شركا;720
صنع;721
مستقبل;722
شكل;723
تزام;724
وقوف;725
جنب;726
نهوض;727
طلع;728
وحقوق;729
وقيادت;730
شاد;731
ستضاف;732
مقر;733
استضاف;734
دليل;735
مصالح;736
وقضاي;737
وجميع;738
معن;739
بقطاع;740
تطلع;741
افعال;742
تعزز;743
سلام;744
وحد;745
واصل;746
نزوح;747
اف;748
فلسطيني;749
مدين;750
غز;751
اتجا;752
مخيم;753
وبلد;754
خ;755
يونس;756
شير;757
تقدير;758
نصف;759
شخص;760
نزح;761
هرب;762
هجوم;763
اسراييل;764
كبر;765
كثر;766
اكتظاظ;767
سك;768
يزال;769
عشر;770
الاف;771
ق;772
جيش;773
منشور;774
طالب;775
اخلا;776
اعلن;777
لضرب;778
عاهل;779
تشارلز;780
ثالث;781
دونالد;782
ترامب;783
بوندسور;784
غرب;785
لندن;786
علاق;787
قايم;788
ضرور;789
اكبر;790
خطاب;791
قا;792
مادب;793
عشا;794
وندسور;795
جعلت;796
اما;797
وق;798
اجيال;799
وبعد;800
ذكر;801
تضحي;802
قدمت;803
حروب;804
تجار;805
ثناي;806
طويل;807
امد;808
زيار;809
فريد;810
مهم;811
تعكس;812
رابط;813
امتي;814
كبيرت;815
جاوز;816
بدا;817
نتهز;818
مناسب;819
تسو;820
مضيف;821
يعمل;822
مع;823
لدعم;824
جهود;825
دبلوماس;826
هام;827
اعرب;828
فخر;829
بثان;830
يقوم;831
صف;832
ايا;833
ن;834
اسم;835
تكريم;836
حيا;837
مبعوث;838
اميرك;839
شرق;840
اوسط;841
يف;842
تكوف;843
دقيق;844
قنا;845
فريق;846
سما;847
تفاق;848
جزاير;849
توصل;850
يوم;851
حوار;852
وجاريد;853
كوشنر;854
صهر;855
يعزز;856
اشار;857
سابق;858
صدرت;859
موخر;860
مسعد;861
بولس;862
بوجود;863
مساع;864
ستعاد;865
قطيع;866
خلف;867
مكاسب;868
يحقق;869
ملف;870
تراب;871
محل;872
لعمال;873
مقاطع;874
انف;875
لقي;876
مصرعهم;877
اصيب;878
بجروح;879
فاو;880
خطور;881
انهيار;882
منزل;883
مولف;884
طوابق;885
بدرب;886
رماد;887
قديم;888
وفور;889
اشعار;890
حادث;891
انتقلت;892
مك;893
امن;894
عملي;895
انقاذ;896
محيط;897
مبن;898
شارت;899
منهار;900
مدرج;901
تعداد;902
مبان;903
ايل;904
سقوط;905
وشكلت;906
موضوع;907
افراغ;908
مختص;909
سبق;910
لغالب;911
قاطن;912
تجاوب;913
ايجاب;914
امتنعت;915
رغم;916
محاول;917
متعدد;918
متكرر;919
لحث;920
سلامت;921
نقل;922
مصاب;923
مركز;924
استشفاي;925
جهو;926
خضوع;927
نياب;928
جددت;929
فرنس;930
داعم;931
نويل;932
مشارك;933
نسو;934
وقف;935
يعتبر;936
حاضر;937
ستقبل;938
يندرج;939
سياد;940
وفق;941
اورد;942
لوزار;943
اقترح;944
يحظ;945
وافق;946
زايد;947
يظل;948
وحيد;949
ودايم;950
تفاوض;951
بشان;952
لقرار;953
تابع;954
اضافت;955
امم;956
نهاي;957
نخفضت;958
ذهب;959
دراس;960
ص;961
تعليق;962
وارد;963
جاذب;964
معدن;965
لاذ;966
راجع;967
معامل;968
فور;969
اسيو;970
اوق;971
انخفضت;972
عقود;973
اجل;974
درس;975
اعفا;976
بالغ;977
محادث;978
بك;979
سو;980
سجلت;981
قياسي;982
مر;983
اذ;984
تفوقت;985
يق;986
مفاوض;987
لجميع;988
نقط;989
قياس;990
اندرد;991
اند;992
بورز;993
وستوكس;994
داول;995
ذروتهم;996
مسجل;997
وقت;998
صعود;999
انتعاش;1000
ادن;1001
مستويات;1002
ابريل;1003
تبن;1004
ترمب;1005
لهج;1006
مرون;1007
بش;1008
اسهمت;1009
هدن;1010
تحس;1011
مدعوم;1012
ببيان;1013
حديث;1014
استمرار;1015
سياح;1016
تجاوزت;1017
عايدا;1018
نها;1019
رتفاع;1020
زخم;1021
يواكب;1022
دن;1023
اصبحت;1024
وجه;1025
اح;1026
صناع;1027
مزور;1028
صغر;1029
متوسط;1030
تمثل;1031
خزا;1032
شار;1033
معرض;1034
جواب;1035
سوال;1036
جلس;1037
اسيل;1038
شفو;1039
صغير;1040
اشتغال;1041
تخصيص;1042
حص;1043
صفق;1044
لهذ;1045
مواكب;1046
اهم;1047
ابتكار;1048
تمك;1049
ناش;1050
تطوير;1051
مبرز;1052
مكتب;1053
رسا;1054
تجمع;1055
راكز;1056
شرك;1057
مبدع;1058
ثقاف;1059
غرار;1060
تصنيع;1061
بطاري;1062
حف;1063
لوفر;1064
ابواب;1065
زوار;1066
سرق;1067
تمت;1068
احد;1069
قاعا;1070
سرقت;1071
مجموع;1072
قطع;1073
تراث;1074
اعادت;1075
حوادث;1076
تاريخ;1077
مشابه;1078
تعرض;1079
متحف;1080
غيب;1081
موت;1082
اعلام;1083
سور;1084
صبح;1085
عطر;1086
عمر;1087
ناهز;1088
لسك;1089
قلب;1090
مفاج;1091
تقارير;1092
عرب;1093
فن;1094
وطا;1095
صدم;1096
رحيل;1097
نجوم;1098
حزن;1099
عميق;1100
تدوين;1101
موثر;1102
منص;1103
تواصل;1104
افاد;1105
سينماي;1106
فيلم;1107
رواي;1108
مخرج;1109
مريم;1110
توزان;1111
اختير;1112
مثيل;1113
جوايز;1114
اوسكار;1115
لعام;1116
افضل;1117
لم;1118
اجنب;1119
اختيار;1120
اجماع;1121
خلم;1122
وضمت;1123
عضويت;1124
منتج;1125
زك;1126
طاهر;1127
سلم;1128
بركاش;1129
ابونوم;1130
نتج;1131
افلام;1132
علو;1133
فاضل;1134
اضاف;1135
احمد;1136
مدير;1137
مهرج;1138
جا;1139
وخصايص;1140
تقن;1141
وكذ;1142
لفرص;1143
توزيع;1144
يستفيد;1145
بقطر;1146
كتار;1147
اثن;1148
فضل;1149
تسع;1150
عاشر;1151
لجايز;1152
روا;1153
من;1154
ضمن;1155
ودراس;1156
ات;1157
ورواي;1158
فتي;1159
فوز;1160
بجايز;1161
وبحسب;1162
ضمت;1163
لف;1164
روايي;1165
بثلاث;1166
مرا;1167
ظل;1168
لعبد;1169
غن;1170
حداد;1171
جراح;1172
لشيما;1173
روام;1174
وعبث;1175
كن;1176
حد;1177
مصر;1178
وسوري;1179
يمن;1180
وليبي;1181
وريتاني;1182
ضم;1183
بروا;1184
لج;1185
كوكب;1186
لحور;1187
علا;1188
وروا;1189
كويت;1190
امار;1191
اردن;1192
سوري;1193
يعود;1194
جاز;1195
بشال;1196
لتق;1197
جمهور;1198
ثامن;1199
مسا;1200
فنان;1201
اوروبي;1202
غارب;1203
موهوب;1204
عروض;1205
موسيق;1206
موقع;1207
ستمتع;1208
جوا;1209
تمتزج;1210
انغام;1211
ايقاع;1212
عابر;1213
حدود;1214
ماد;1215
صادف;1216
يحتف;1217
رمز;1218
اندماج;1219
خليد;1220
شوم;1221
دع;1222
نبذ;1223
صراع;1224
وبمناسب;1225
لقاا;1226
وثقاف;1227
نوع;1228
حدث;1229
لغ;1230
مشاعر;1231
كون;1232
تقارب;1233
هبوط;1234
بيع;1235
ارباح;1236
موج;1237
رقب;1238
اسبوع;1239
ستشراف;1240
اصفر;1241
تكبد;1242
غشت;1243
صعدت;1244
سليم;1245
دجنبر;1246
بنحو;1247
ذرو;1248
بحال;1249
جيوسياس;1250
رهان;1251
مشتري;1252
بنوك;1253
معادن;1254
نفيس;1255
فض;1256
بلات;1257
استقر;1258
بلاديوم;1259
قرب;1260
عبدالل;1261
عيس;1262
يعيش;1263
انهاك;1264
صامت;1265
يسير;1266
ارقام;1267
ناس;1268
معانا;1269
واقع;1270
فج;1271
يجعل;1272
صمت;1273
احيا;1274
اصدق;1275
يستيقظ;1276
وعود;1277
اثقل;1278
دخل;1279
مطمين;1280
قع;1281
شيي;1282
ازدهار;1283
شوارع;1284
تحك;1285
قصص;1286
عاطل;1287
سر;1288
تصارع;1289
غلا;1290
رض;1291
يفتش;1292
دوا;1293
يجدون;1294
بثمن;1295
مضاعف;1296
قن;1297
تبرير;1298
اصغا;1299
اخفاق;1300
شماع;1301
ازم;1302
جاهز;1303
سلع;1304
نادر;1305
يريد;1306
تعيد;1307
يحكم;1308
يسمع;1309
فعل;1310
سم;1311
مشكل;1312
ست;1313
غياب;1314
احساس;1315
فكل;1316
يشعر;1317
ناقص;1318
انجاز;1319
يلمس;1320
شارع;1321
يبق;1322
عنو;1323
نبض;1324
ضعف;1325
نضج;1326
وقدرت;1327
تصحيح;1328
لقد;1329
اثبتت;1330
تقاس;1331
بعدد;1332
مليار;1333
انصاف;1334
نس;1335
تفقد;1336
جوهر;1337
يطلب;1338
مستحيل;1339
يعامل;1340
كقيم;1341
كرقم;1342
تحتاج;1343
تصغ;1344
تنصت;1345
ترد;1346
مارس;1347
تعلن;1348
حقيق;1349
يبد;1350
اعتراف;1351
خلل;1352
جميل;1353
يدرك;1354
يقنع;1355
شعار;1356
كرام;1357
محفوظ;1358
وعدال;1359
وسياس;1360
تنصف;1361
تحاصر;1362
يبحث;1363
تبرر;1364
تف;1365
تحرك;1366
اوط;1367
كلام;1368
كشفت;1369
ساعد;1370
مهاجر;1371
صعب;1372
منظم;1373
هجر;1374
كادير;1375
قارب;1376
يقل;1377
مرشح;1378
نظام;1379
ابحر;1380
فجر;1381
لكرع;1382
جزر;1383
كنار;1384
نقطع;1385
اتصال;1386
فادت;1387
هييت;1388
حقوقيت;1389
مفقود;1390
مغربي;1391
بين;1392
نسا;1393
وطفل;1394
يبلغ;1395
اشارت;1396
جمعيت;1397
انهم;1398
علوم;1399
عايل;1400
تفيد;1401
ثاني;1402
سواحل;1403
اطلس;1404
عثور;1405
طانط;1406
ثمان;1407
بحر;1408
كدت;1409
وفا;1410
صفوف;1411
ركاب;1412
يرجح;1413
هاجر;1414
ناج;1415
درك;1416
بطانط;1417
ونب;1418
سالف;1419
قوارب;1420
ابحرت;1421
هذ;1422
وغالبيت;1423
مام;1424
وخفر;1425
وبتنسيق;1426
لحقوق;1427
هلال;1428
صليب;1429
احمر;1430
دولي;1431
تدخل;1432
عاجل;1433
حديد;1434
مصير;1435
وضم;1436
متورط;1437
شبك;1438
اتجار;1439
بشر;1440
نصب;1441
احتيال;1442
دق;1443
عمار;1444
ناقوس;1445
خطر;1446
فقد;1447
توجه;1448
ماساو;1449
يستدع;1450
نقاش;1451
تا;1452
قاصر;1453
امه;1454
تنام;1455
نشاط;1456
اجرام;1457
وقعت;1458
يوجد;1459
تروم;1460
علاقتهم;1461
موسسات;1462
عترف;1463
عتبر;1464
فصاعد;1465
شريك;1466
مميز;1467
مكين;1468
مساهمت;1469
قار;1470
باب;1471
موسسا;1472
مستدام;1473
اراد;1474
لبنا;1475
موحد;1476
ندمج;1477
نذ;1478
وبفضل;1479
تماشي;1480
لصاحب;1481
شهدت;1482
تجسدت;1483
انشط;1484
بكل;1485
مراكش;1486
كر;1487
ولواند;1488
وبرازافيل;1489
وواغادوغو;1490
وكمبال;1491
وغير;1492
وحرص;1493
تهن;1494
متميز;1495
سهر;1496
انجاح;1497
يخدم;1498
ثر;1499
تملك;1500
يشكل;1501
محط;1502
مسعا;1503
لوضع;1504
صلب;1505
قارت;1506
بطموح;1507
ورياد;1508
يعترف;1509
كهي;1510
تنسيق;1511
معتبر;1512
تضف;1513
وقال;1514
صدد;1515
بفضل;1516
نشرع;1517
اعاد;1518
صلاح;1519
تصبح;1520
حقيقي;1521
وفعال;1522
كاف;1523
انحا;1524
تازر;1525
ترجم;1526
تفض;1527
وجر;1528
دير;1529
قانون;1530
بوزار;1531
اوزي;1532
حضر;1533
كاتب;1534
سيشونغ;1535
بنينغ;1536
يم;1537
بنلمليح;1538
توال;1539
اقتراب;1540
موعد;1541
لاش;1542
احتمال;1543
تفاد;1544
فرض;1545
عقوب;1546
اير;1547
لكن;1548
زال;1549
يامل;1550
يح;1551
ضبط;1552
نوو;1553
ايران;1554
بادلت;1555
ترويك;1556
ماني;1557
وبريطاني;1558
اتهام;1559
فشل;1560
افض;1561
لصالح;1562
صرح;1563
ماركو;1564
روبيو;1565
بنيام;1566
نياهو;1567
بوجوب;1568
حماس;1569
عاد;1570
رها;1571
ك;1572
يعم;1573
بغز;1574
اعقب;1575
ابيب;1576
اكيد;1577
لامشروط;1578
ايام;1579
دوح;1580
فرص;1581
شكر;1582
مجدد;1583
خلاص;1584
تونس;1585
متهم;1586
تامر;1587
استيناف;1588
منسق;1589
خفف;1590
احكام;1591
ثقيل;1592
تراوحت;1593
اربع;1594
وست;1595
وس;1596
وحذرت;1597
تدهور;1598
لبعض;1599
سجنا;1600
سياسي;1601
حرم;1602
عاصم;1603
مقاطعت;1604
لجلس;1605
براز;1606
تكامل;1607
العاب;1608
الكترون;1609
سينم;1610
تشهد;1611
خامس;1612
ادماج;1613
عامل;1614
عاب;1615
فيديو;1616
بصر;1617
افاق;1618
سرد;1619
مهني;1620
مواهب;1621
شاب;1622
تشتغل;1623
خلق;1624
مثمر;1625
قني;1626
تحريك;1627
صميم;1628
شخصي;1629
حتضن;1630
فضا;1631
يرتبط;1632
تخصص;1633
ارتباط;1634
ذكا;1635
اصطناع;1636
معزز;1637
لصناع;1638
كرت;1639
شهد;1640
اقبال;1641
انطلاق;1642
فعالي;1643
اصدر;1644
انطونيو;1645
غوتيريش;1646
يوص;1647
مديد;1648
ولا;1649
مينورسو;1650
يستعرض;1651
رسمي;1652
مستجد;1653
عرفت;1654
صعيد;1655
ميدان;1656
تطور;1657
تناول;1658
جوانب;1659
بعمل;1660
انشطت;1661
تواجه;1662
مهمت;1663
طرق;1664
يبذل;1665
بحقوق;1666
وحمايت;1667
يشير;1668
انتهاك;1669
حري;1670
تندوف;1671
ختام;1672
وسيعقد;1673
حامل;1674
قلم;1675
ابرز;1676
وردت;1677
حجز;1678
منبع;1679
مطبق;1680
قيم;1681
مضاف;1682
مكاف;1683
اشخاص;1684
اعتباري;1685
نطاق;1686
تطبيق;1687
عايد;1688
كرا;1689
عقار;1690
مطار;1691
لبروتوكول;1692
تد;1693
بقيم;1694
اجمال;1695
تبلغ;1696
لرفع;1697
استيعاب;1698
مسافر;1699
افق;1700
كفاا;1701
سكور;1702
تعد;1703
رافع;1704
نسخ;1705
تنظم;1706
مجل;1707
تحول;1708
هيكل;1709
يمكن;1710
تغيير;1711
منطق;1712
تحقيق;1713
جد;1714
دين;1715
سابع;1716
هرج;1717
صوف;1718
رعا;1719
اجوا;1720
روحان;1721
عمق;1722
اصيل;1723
وغن;1724
تنوع;1725
روح;1726
وكد;1727
تحتل;1728
كحاضر;1729
تصوف;1730
تلاق;1731
ادي;1732
وفكر;1733
بجمال;1734
وقيم;1735
داع;1736
محب;1737
وف;1738
عبد;1739
قادر;1740
مطاع;1741
ناهزت;1742
وخلف;1743
راحل;1744
ارث;1745
ضخم;1746
وبصم;1747
تالق;1748
تلفزيون;1749
مسرح;1750
عد;1751
جيل;1752
رواد;1753
سوا;1754
تلفزي;1755
ارتبط;1756
اذه;1757
مشاهد;1758
بلفرياط;1759
قتدار;1760
مسلسل;1761
خمس;1762
وخميس;1763
يكن;1764
اذاع;1765
بحيث;1766
اصو;1767
ذاع;1768
ابيض;1769
ميد;1770
سلوب;1771
ميز;1772
تفرد;1773
توف;1774
روبرت;1775
ريدفورد;1776
عمالق;1777
مد;1778
ه;1779
عراب;1780
مستقل;1781
يو;1782
وفارق;1783
نتجع;1784
سندانس;1785
جبال;1786
احب;1787
محاط;1788
حب;1789
وكيل;1790
بيرغر;1791
تطلب;1792
احترام;1793
خصوصيت;1794
اطلق;1795
وسايط;1796
عي;1797
ساق;1798
حمرا;1799
بيكر;1800
ووزير;1801
حمد;1802
هدف;1803
يحتل;1804
قلوب;1805
ساكن;1806
رتباط;1807
عرش;1808
مجيد;1809
معلم;1810
تضم;1811
رفوف;1812
كتب;1813
مراجع;1814
صنوف;1815
معرف;1816
ذاكر;1817
فكر;1818
ماثور;1819
اصدار;1820
ركز;1821
مركب;1822
بيت;1823
صوير;1824
تسليط;1825
ض;1826
اشاع;1827
لجمع;1828
صويرهموكادور;1829
اندر;1830
ازولا;1831
منظور;1832
يعط;1833
تسامح;1834
تعايش;1835
وسلط;1836
رياح;1837
مشيد;1838
عريق;1839
تهب;1840
تراجعت;1841
لبيان;1842
حاسم;1843
تلمح;1844
سار;1845
زادت;1846
لشهر;1847
سل;1848
تكلف;1849
لحايز;1850
كتاب;1851
بجماع;1852
بيب;1853
قليم;1854
اشتوك;1855
ايت;1856
سوس;1857
ماس;1858
استقالت;1859
اجهز;1860
اقليم;1861
فاد;1862
يا;1863
تاسيس;1864
لدي;1865
قناع;1866
يض;1867
لظروف;1868
تضرب;1869
مباد;1870
نتقد;1871
وفر;1872
اكادير;1873
ت;1874
اوضاع;1875
تبخيس;1876
تدبير;1877
نبيل;1878
ناضل;1879
مناضل;1880
اتحادي;1881
شرفا;1882
ذلك;1883
رجع;1884
معبر;1885
انفتاح;1886
وخ;1887
نما;1888
لسيد;1889
خير;1890
رق;1891
لساكنت;1892
استقال;1893
تساول;1894
قدر;1895
استعاد;1896
توازن;1897
لقاعد;1898
يعيد;1899
اشعاع;1900
كان;1901
ار;1902
اجر;1903
انزك;1904
مستقر;1905
شكاو;1906
سايق;1907
يصفون;1908
تهميش;1909
وغياب;1910
امتياز;1911
نظيم;1912
شتك;1913
تحكم;1914
معقد;1915
توزع;1916
اقدم;1917
ريع;1918
يكرس;1919
شعور;1920
اقصا;1921
ر;1922
هولا;1923
اسطول;1924
كرر;1925
وص;1926
ستفيد;1927
يشتغل;1928
يومي;1929
واج;1930
يستثمر;1931
بعيد;1932
صياغ;1933
وساط;1934
رخص;1935
وشدد;1936
متحدث;1937
ان;1938
يقض;1939
معيش;1940
واضع;1941
كاد;1942
تكف;1943
ضروري;1944
مرهق;1945
يدفع;1946
ظروف;1947
تغط;1948
ضمان;1949
تحمي;1950
مخاطر;1951
مهن;1952
ورغم;1953
تطرح;1954
فين;1955
تظل;1956
تصاحب;1957
نظر;1958
اساسي;1959
يستحق;1960
معالم;1961
سجد;1962
بيدج;1963
ناسب;1964
مضي;1965
رور;1966
ميلاد;1967
نب;1968
هد;1969
وسلم;1970
بادر;1971
علما;1972
افارق;1973
فرع;1974
كوت;1975
ديفوار;1976
استناد;1977
مومن;1978
تفضل;1979
نص;1980
فتو;1981
زكا;1982
ذن;1983
بوضع;1984
وسي;1985
زوال;1986
اوقاف;1987
اسلام;1988
فوج;1989
مولد;1990
نبو;1991
شريف;1992
صلا;1993
اريخ;1994
توج;1995
تحرير;1996
ابع;1997
استجاب;1998
نفيذ;1999
ضام;2000
مولو;2001
هيا;2002
افتا;2003
عكفت;2004
اعداد;2005
صادق;2006
سد;2007
عال;2008
ارخ;2009
علن;2010
طار;2011
غار;2012
استهدفت;2013
قاد;2014
قطر;2015
يعقد;2016
لطلب;2017
قدمتهم;2018
كست;2019
لدول;2020
خليج;2021
عدو;2022
عسكر;2023
شن;2024
وسيك;2025
انشا;2026
وسعت;2027
احتجاج;2028
مساند;2029
هال;2030
قابس;2031
خرجت;2032
مظاهر;2033
انطلقت;2034
نقاب;2035
صحفي;2036
مجمع;2037
كيمياي;2038
ودع;2039
بيي;2040
وغلق;2041
ايقاف;2042
محتج;2043
شغل;2044
اضراب;2045
حاد;2046
ارصاد;2047
نسب;2048
بطقس;2049
نسبي;2050
قص;2051
وسيلاحظ;2052
ليل;2053
صباح;2054
تشكل;2055
سحب;2056
منخفض;2057
كثيف;2058
وكتل;2059
ضباب;2060
نزول;2061
مطر;2062
محلي;2063
سهول;2064
سايس;2065
ووالماس;2066
شمال;2067
صحراو;2068
وستك;2069
غايم;2070
جزيي;2071
عط;2072
فرق;2073
نطق;2074
طنج;2075
هب;2076
وبالسواحل;2077
وستتراوح;2078
حرار;2079
دني;2080
ريف;2081
هضاب;2082
علي;2083
بباق;2084
فستك;2085
مناطق;2086
هادي;2087
هيج;2088
وقليل;2089
بوغاز;2090
هايج;2091
عرايش;2092
وطانط;2093
حساب;2094
زينب;2095
احال;2096
محكم;2097
نقض;2098
وخمس;2099
قرا;2100
تستوجب;2101
جناي;2102
ممتد;2103
دراسي;2104
رقاب;2105
دبير;2106
اموال;2107
حينم;2108
تقف;2109
جاد;2110
ارتكاب;2111
متابع;2112
تقوم;2113
بدراس;2114
معمق;2115
حليل;2116
غرف;2117
مجالس;2118
مساطر;2119
معمول;2120
تزال;2121
تعان;2122
ناجح;2123
وثر;2124
تعقيد;2125
ونقص;2126
ناخ;2127
ملبد;2128
بعقود;2129
بيروقراط;2130
عوامل;2131
تجعل;2132
تستجيب;2133
تدش;2134
اهل;2135
لغلام;2136
جلد;2137
نسيج;2138
ملوث;2139
بهدف;2140
نظيف;2141
بجه;2142
سط;2143
ووال;2144
امهيد;2145
لطيف;2146
معزوز;2147
قنصل;2148
ايلو;2149
شتروم;2150
صناعي;2151
قتصادي;2152
متد;2153
منجز;2154
مساح;2155
هكتار;2156
استعمال;2157
ساح;2158
تجز;2159
ارض;2160
اكاديم;2161
منحت;2162
فتاح;2163
كيليطو;2164
ناطق;2165
سبعين;2166
سباق;2167
منح;2168
ادب;2169
انتخبت;2170
لبنان;2171
اصل;2172
معلوف;2173
وجعل;2174
اولويا;2175
اثنت;2176
مخصصت;2177
بطبيعتهم;2178
اجانب;2179
جايز;2180
فرنكوفون;2181
تذهب;2182
ميدال;2183
استاذ;2184
جامع;2185
دوفال;2186
وحصلت;2187
كند;2188
دوري;2189
شعر;2190
مجمل;2191
قيد;2192
تدرج;2193
نصوص;2194
بكالوري;2195
نفط;2196
ثان;2197
خاطر;2198
امداد;2199
خطط;2200
لشرا;2201
خام;2202
مل;2203
احتياطيات;2204
بحلول;2205
لخام;2206
تكساس;2207
برميل;2208
برنت;2209
تعاف;2210
ملامس;2211
ضخ;2212
بفعل;2213
توتر;2214
ينضج;2215
وع;2216
يميز;2217
انتما;2218
بوصف;2219
انجرار;2220
يفرز;2221
ضحت;2222
يقف;2223
ولماذ;2224
يستعمل;2225
كوقود;2226
لحساب;2227
تصمد;2228
تعصف;2229
مكسب;2230
ينكشف;2231
امتح;2232
تسعف;2233
تحفظ;2234
عهود;2235
ردع;2236
بوصل;2237
تدور;2238
مصلح;2239
متسلق;2240
شمس;2241
يبدل;2242
قناعا;2243
شعارا;2244
يمدح;2245
ذم;2246
امس;2247
برر;2248
غد;2249
انكر;2250
اختلاف;2251
خيان;2252
ناعم;2253
لثق;2254
يرفض;2255
ابتزاز;2256
عاطف;2257
تعلم;2258
تصفيق;2259
يبن;2260
الو;2261
ينهار;2262
نتايج;2263
يصلح;2264
صور;2265
تص;2266
اعلان;2267
وعد;2268
يهبط;2269
وبرنامج;2270
بطاق;2271
عضو;2272
وسم;2273
اكتاف;2274
شجاع;2275
طامع;2276
يختبر;2277
مواقف;2278
ثلاثاول;2279
ثب;2280
تدفع;2281
ثمن;2282
رايك;2283
راح;2284
ارزاق;2285
صدق;2286
موقفك;2287
بعل;2288
مفسر;2289
وبوج;2290
مكشوف;2291
بسرع;2292
نفع;2293
وباقنع;2294
بدل;2295
انحياز;2296
تقيس;2297
نجاحك;2298
يصل;2299
جيبك;2300
رصيدك;2301
يحرر;2302
ضجيج;2303
عقل;2304
بارد;2305
يد;2306
يليق;2307
نراجع;2308
قاموس;2309
طاع;2310
عميا;2311
معول;2312
هدم;2313
تصلح;2314
راشد;2315
اقتراح;2316
وبينهم;2317
حر;2318
يسايل;2319
يدقق;2320
يحاسب;2321
يصوت;2322
تشتر;2323
تستاجر;2324
يختزل;2325
انتهاز;2326
لعب;2327
مواقع;2328
را;2329
مجتمع;2330
اخلاق;2331
يسبق;2332
يع;2333
ممكن;2334
طلوب;2335
معطي;2336
ولايم;2337
فارق;2338
بينهم;2339
فكري;2340
حق;2341
تجر;2342
يستقيم;2343
ندفع;2344
بكلف;2345
وضوح;2346
فلنسم;2347
اشيا;2348
سماي;2349
يبيع;2350
براغماتي;2351
لاعب;2352
بثق;2353
يثبت;2354
مبدا;2355
قابلي;2356
رزي;2357
يحترم;2358
ذا;2359
وجمهور;2360
تحسم;2361
معرك;2362
تنتصر;2363
حول;2364
تقول;2365
يجب;2366
قول;2367
ينبغ;2368
لتزم;2369
يهد;2370
عند;2371
يصير;2372
ميزا;2373
وبوصل;2374
زين;2375
وعند;2376
نعرف;2377
بل;2378
كشف;2379
صمد;2380
قيوح;2381
لوجستيك;2382
تركز;2383
سكك;2384
طوير;2385
وخلال;2386
اوضح;2387
نبراس;2388
مسير;2389
خضرا;2390
بجنوب;2391
موان;2392
مفصل;2393
مينا;2394
ناظور;2395
بشبك;2396
تمكنت;2397
حياز;2398
وعا;2399
لازم;2400
نجاز;2401
قريب;2402
تربط;2403
قطار;2404
تطو;2405
بن;2406
ملال;2407
شان;2408
تنقل;2409
سرع;2410
يهدف;2411
زمن;2412
جذر;2413
اعطيت;2414
انتهت;2415
قادم;2416
تحدث;2417
ينتظر;2418
انتها;2419
دخول;2420
حيز;2421
قلص;2422
رحل;2423
راكش;2424
فستنخفض;2425
ساعت;2426
ونصف;2427
بخمس;2428
متوقع;2429
تاثير;2430
تقلص;2431
طاير;2432
كوسيل;2433
وفير;2434
سفر;2435
افتتحت;2436
مقبر;2437
امنحتب;2438
مقابر;2439
ملوك;2440
بصعيد;2441
مي;2442
اكتشاف;2443
جبان;2444
طيب;2445
كهن;2446
ملكي;2447
بنواكشوط;2448
معلن;2449
موسم;2450
تمزج;2451
ستمر;2452
حراك;2453
موريتاني;2454
تطمح;2455
مهارات;2456
تشكيل;2457
وصول;2458
ابداع;2459
تلت;2460
برييس;2461
اطلاق;2462
نار;2463
بنزع;2464
سلاح;2465
اعمار;2466
اقر;2467
بحدوث;2468
تفجر;2469
عنف;2470
فرضت;2471
عملاق;2472
روسي;2473
روس;2474
ولوك;2475
اويل;2476
اجج;2477
مخاوف;2478
نقص;2479
عالمي;2480
لسلسل;2481
تستهدف;2482
بريطاني;2483
شركت;2484
طالت;2485
حظر;2486
رد;2487
غاز;2488
طبيع;2489
مسال;2490
تصعيد;2491
عقاب;2492
قصير;2493
حتمال;2494
معروض;2495
حوط;2496
اضطراب;2497
لوجست;2498
تعيق;2499
تدفق;2500
مكرر;2501
توكد;2502
موسكو;2503
قدرت;2504
امتصاص;2505
ضغوط;2506
اضرت;2507
يفتقر;2508
جرا;2509
بفشل;2510
مقارب;2511
رهين;2512
مستوي;2513
مخزون;2514
وسرع;2515
قيود;2516
اثنا;2517
يراقب;2518
كثب;2519
صانع;2520
وبروكسل;2521
ردود;2522
محتمل;2523
رسيم;2524
اصدرت;2525
بيا;2526
قوي;2527
عبرت;2528
تنديد;2529
اجيل;2530
مطالب;2531
بفتح;2532
مستشف;2533
اسف;2534
تاخر;2535
حاصل;2536
استنكرت;2537
تاجيل;2538
سيار;2539
اكاديرتزنيت;2540
دعت;2541
تزامات;2542
اسراع;2543
بنيو;2544
ادوتن;2545
كعاصم;2546
لجه;2547
منطلق;2548
مقرر;2549
ستكمال;2550
مراكز;2551
مستوصف;2552
مغلق;2553
راخ;2554
مرور;2555
انتداب;2556
اكدت;2557
تبق;2558
ضعيف;2559
ود;2560
توفر;2561
جيد;2562
اكراه;2563
ودعت;2564
تحمل;2565
مسووليات;2566
بوعود;2567
انتخاب;2568
تسريع;2569
وعدم;2570
نهج;2571
هروب;2572
امام;2573
جترار;2574
زم;2575
ثقل;2576
ترك;2577
تراكم;2578
اقرار;2579
اعتزاز;2580
بنجاح;2581
وبادا;2582
وشددت;2583
لبرامج;2584
مندمج;2585
اسس;2586
تشخيص;2587
تشارك;2588
جبل;2589
ساحل;2590
توصلت;2591
بنسخ;2592
تعاطف;2593
مزيد;2594
يذكر;2595
عقدت;2596
درارك;2597
وخصص;2598
وزيع;2599
مهام;2600
مضام;2601
اوراش;2602
قليص;2603
فوارق;2604
ستند;2605
شمول;2606
ايج;2607
محاور;2608
استغلال;2609
امكاني;2610
ذات;2611
لكل;2612
وثاني;2613
لسد;2614
عجز;2615
يخص;2616
تخفيف;2617
اجهاد;2618
يشمل;2619
تاهيل;2620
تقو;2621
بني;2622
تحت;2623
استفاد;2624
وكاس;2625
عرضت;2626
مزمع;2627
تشمل;2628
جدولت;2629
فلاح;2630
وازن;2631
ش;2632
جتماع;2633
تركيز;2634
تلب;2635
احتياج;2636
يس;2637
عيش;2638
تسا;2639
وقادر;2640
مواجه;2641
موريتان;2642
توفير;2643
مصدر;2644
ناقش;2645
وسبل;2646
ارتقا;2647
بفعال;2648
وبهذ;2649
يضيف;2650
اتخاذ;2651
كافح;2652
ستعراض;2653
تقييم;2654
انجز;2655
انخراط;2656
تعتزم;2657
قبيل;2658
مختبر;2659
وحاضن;2660
عمومي;2661
خواص;2662
مجتمعي;2663
ايض;2664
حيو;2665
جمعي;2666
انسجام;2667
متدخل;2668
تعرف;2669
محاربت;2670
هسبريس;2671
شد;2672
دراج;2673
رحال;2674
صوب;2675
بوركيناب;2676
غادوغو;2677
دفاع;2678
لقب;2679
احرز;2680
طواف;2681
قام;2682
نونبر;2683
نخب;2684
دافع;2685
و;2686
اشرف;2687
دغم;2688
وعادل;2689
عرباو;2690
علوان;2691
براهيم;2692
مرو;2693
خربوش;2694
اطار;2695
محسن;2696
لحساين;2697
شتمل;2698
مراحل;2699
مسافت;2700
كيلومتر;2701
كودوغو;2702
وبورومو;2703
وغرانغو;2704
اقصر;2705
وستنطلق;2706
منافس;2707
عود;2708
مدار;2709
طول;2710
شارك;2711
وغا;2712
وكوت;2713
كامير;2714
طوغو;2715
نيجر;2716
بلجيك;2717
بوركي;2718
ندرج;2719
اعد;2720
صيرور;2721
بدن;2722
ودول;2723
طر;2724
تويج;2725
فردي;2726
وجماعي;2727
بلقب;2728
اقيمت;2729
متسابق;2730
كورج;2731
رصيد;2732
قاب;2733
عاط;2734
سعد;2735
جلول;2736
وصلاح;2737
راون;2738
ترتيب;2739
نصيب;2740
فايز;2741
بلغت;2742
صرفت;2743
بذلك;2744
معدل;2745
همت;2746
ترب;2747
تكو;2748
صيد;2749
وقطاع;2750
تهي;2751
كتحويل;2752
تعبيت;2753
طابع;2754
حيث;2755
خصصت;2756
اعان;2757
اكاديمي;2758
مكاتب;2759
نعاش;2760
وكال;2761
ميا;2762
غاب;2763
ووكال;2764
احواض;2765
كهربا;2766
تلفز;2767
وشرك;2768
اسك;2769
ضف;2770
اب;2771
رقراق;2772
جدر;2773
محين;2774
تحويل;2775
مبلغ;2776
معم;2777
احسن;2778
زبير;2779
وصاف;2780
صوت;2781
صص;2782
جناح;2783
عثم;2784
بطول;2785
احتضنت;2786
بصم;2787
طوال;2788
وقدم;2789
ناد;2790
تفورد;2791
انجليز;2792
رايع;2793
مريرا;2794
وروي;2795
اشبال;2796
زميل;2797
ياسر;2798
زابير;2799
هداف;2800
خطف;2801
اضوا;2802
دا;2803
وروح;2804
مباري;2805
مزدوج;2806
يواصل;2807
بفرض;2808
قم;2809
تصنيف;2810
فرد;2811
يدعو;2812
اغتنام;2813
لط;2814
يشدد;2815
ملح;2816
غتنام;2817
لقض;2818
لحظ;2819
بغ;2820
ميستور;2821
متنام;2822
يعبر;2823
منعطف;2824
عنصر;2825
مثل;2826
متجدد;2827
تكثف;2828
دعوات;2829
فاوض;2830
شديد;2831
اطراف;2832
تاخير;2833
كاطار;2834
سهيل;2835
لحل;2836
اكثر;2837
وقابل;2838
وبراغمات;2839
فعال;2840
لجهود;2841
دفع;2842
حاج;2843
مقلق;2844
فحسب;2845
سريع;2846
دعو;2847
وسجل;2848
احراز;2849
مشدد;2850
مناقش;2851
يستطيع;2852
استطلاع;2853
وداد;2854
بنمومن;2855
سونيرجي;2856
بشراك;2857
موافقت;2858
اختار;2859
ابدا;2860
ظهر;2861
رفض;2862
توقيت;2863
معروف;2864
في;2865
ميسور;2866
يميل;2867
كبار;2868
تاييد;2869
عتمد;2870
صيف;2871
اعتبرت;2872
انذاك;2873
اقتصادي;2874
يثير;2875
انقسام;2876
مويد;2877
عارض;2878
اثير;2879
اظهر;2880
توثر;2881
سلب;2882
نمط;2883
ايجابي;2884
حيات;2885
غالب;2886
متقدم;2887
يوثر;2888
راحت;2889
تبدو;2890
تضرر;2891
قرو;2892
مدرس;2893
واعيد;2894
يلاحظ;2895
مستجوب;2896
ينتم;2897
محدود;2898
تاثر;2899
قبول;2900
لصحيف;2901
حمض;2902
طبيب;2903
باحث;2904
تقني;2905
محض;2906
يستند;2907
معايير;2908
وصح;2909
اعتبار;2910
تستحضر;2911
جسم;2912
يعتمد;2913
بيولوج;2914
تضبط;2915
ينعكس;2916
نوم;2917
مزاج;2918
اطفال;2919
وكبار;2920
مراهق;2921
ليلي;2922
يحتاج;2923
تكيف;2924
تمتد;2925
يام;2926
اسابيع;2927
ووفق;2928
توجد;2929
خيار;2930
ناح;2931
شتو;2932
غيير;2933
مرت;2934
بفاصل;2935
راوح;2936
وسبع;2937
رمض;2938
متمثل;2939
قابل;2940
يضع;2941
مرتب;2942
ملاام;2943
لطبيع;2944
يل;2945
حالي;2946
تعديل;2947
داعي;2948
متوفر;2949
يرشح;2950
لجوايز;2951
دب;2952
اكس;2953
تويتر;2954
قوايم;2955
تنافس;2956
عاشور;2957
سماعيل;2958
بلقاسم;2959
وبلا;2960
يسوفو;2961
دايو;2962
وفيست;2963
مايل;2964
حريم;2965
شيب;2966
مليو;2967
وشومار;2968
كابومب;2969
مدرب;2970
بوبيتس;2971
اخضر;2972
وحسام;2973
وكرونوسلاف;2974
يورتشيتش;2975
بيراميدز;2976
وسام;2977
طرابلس;2978
وروموالد;2979
راكونتدراب;2980
ع;2981
شعبان;2982
وطارق;2983
سكتيو;2984
وهب;2985
ووليد;2986
ركراك;2987
وباب;2988
تياو;2989
نافس;2990
بلوزداد;2991
وناد;2992
قسنطين;2993
اسيك;2994
ميموز;2995
ايفوار;2996
نهض;2997
ماميلود;2998
صن;2999
داونز;3000
اورلاندو;3001
يرتس;3002
يلينبوش;3003
سودان;3004
مب;3005
تنزان;3006
نتخب;3007
نتحب;3008
سنغال;3009
بوركين;3010
تابسوب;3011
ايفار;3012
ينيو;3013
هايدار;3014
كونغول;3015
نوا;3016
صديق;3017
وز;3018
وعثم;3019
نيجير;3020
دانيال;3021
سيراليون;3022
موم;3023
كامار;3024
تيل;3025
سميث;3026
بيكيل;3027
مبوكاز;3028
اجور;3029
رياضي;3030
لشرك;3031
بدحيح;3032
تسهيل;3033
عالج;3034
اشكال;3035
عايق;3036
احتراف;3037
اشكالي;3038
تواج;3039
ضرايب;3040
مفروض;3041
كالعقود;3042
ملاعب;3043
حافل;3044
قيمت;3045
وهكذ;3046
تمتلك;3047
محاسبت;3048
حققت;3049
ربح;3050
راسمالي;3051
وبالتال;3052
تفرض;3053
ببيع;3054
نقلت;3055
تستفيد;3056
تحتسب;3057
تستهلك;3058
تكن;3059
تحقق;3060
قترح;3061
تنجز;3062
خاضع;3063
مبرر;3064
تقض;3065
يحرم;3066
ممنوح;3067
ولتشجيع;3068
يقترح;3069
سماح;3070
بخصم;3071
مساهمات;3072
شرط;3073
تبرع;3074
صاف;3075
سقف;3076
اقص;3077
سبيل;3078
مثال;3079
وقررت;3080
يسمح;3081
تضمن;3082
تنص;3083
تودي;3084
محترف;3085
معد;3086
بدني;3087
عضا;3088
طاقم;3089
فبالنسب;3090
حددت;3091
تدريجي;3092
عدل;3093
تصل;3094
خبرا;3095
بطريق;3096
تزعزع;3097
نح;3098
ابطال;3099
اوسع;3100
تغلب;3101
نظير;3102
ارجنتنين;3103
لصفر;3104
مبارا;3105
جمعت;3106
احدالاثن;3107
ملعب;3108
خوليو;3109
مارتينيز;3110
برادانوس;3111
سانتياغو;3112
تتويج;3113
وثان;3114
غان;3115
مكن;3116
شبال;3117
ضرب;3118
نفذ;3119
اسكن;3120
زاو;3121
يستطع;3122
حارس;3123
ارجنتين;3124
سانتينو;3125
رب;3126
صد;3127
وضاعف;3128
يج;3129
ث;3130
متالق;3131
نطلقت;3132
يقاع;3133
وضغط;3134
رغب;3135
نجح;3136
تمكن;3137
اصطياد;3138
مشارف;3139
مرم;3140
ارجنتيني;3141
اسعد;3142
جماهير;3143
وكاد;3144
انفاس;3145
شوط;3146
تسرع;3147
خطير;3148
تسديد;3149
ينه;3150
جول;3151
تانغو;3152
قظ;3153
ابراهيم;3154
غوميز;3155
نته;3156
وخاض;3157
استثنايي;3158
بلوغ;3159
جدار;3160
ستحقاق;3161
اثبت;3162
مجارا;3163
تصدر;3164
جموع;3165
اسباني;3166
برازيل;3167
عثر;3168
مكسيك;3169
تاهل;3170
اقصاي;3171
فتغلب;3172
كوري;3173
ربع;3174
ضحايا;3175
ترجيح;3176
تعادل;3177
عبور;3178
نزال;3179
مثير;3180
محفور;3181
مبار;3182
متوج;3183
بس;3184
يوكد;3185
جهاز;3186
وباق;3187
اهدا;3188
غالي;3189
خبير;3190
عبيد;3191
هراس;3192
اعتبر;3193
طيار;3194
جاهزيت;3195
تحديث;3196
قوا;3197
مسلح;3198
موضح;3199
يقتصر;3200
اقتنا;3201
قلل;3202
تشير;3203
تسارع;3204
انفاق;3205
ادراك;3206
هم;3207
كثف;3208
لقوا;3209
واجد;3210
امني;3211
وسع;3212
تهديد;3213
متقلب;3214
ترسان;3215
بنسليم;3216
تحم;3217
اد;3218
كلاعب;3219
مبالغ;3220
مسبق;3221
تظهر;3222
حكم;3223
تخلق;3224
استدام;3225
يمنح;3226
مزيج;3227
خت;3228
خطو;3229
ترفع;3230
تدريب;3231
ستخدام;3232
وشمال;3233
ورفعت;3234
تناهز;3235
يعادل;3236
نصت;3237
يمثل;3238
نفق;3239
ماذ;3240
منتدب;3241
مكلف;3242
مسم;3243
حجر;3244
صيان;3245
طراز;3246
هيركوليس;3247
دشنت;3248
مصنع;3249
ادفنسد;3250
ستمز;3251
مدرع;3252
قتال;3253
برشيد;3254
يعلن;3255
قايد;3256
ارك;3257
حرب;3258
ووزار;3259
هند;3260
حين;3261
ميتد;3262
ثمر;3263
موجه;3264
ابنا;3265
عاشت;3266
وجماهير;3267
ارجنت;3268
مدون;3269
قاري;3270
اراض;3271
عاش;3272
مماثل;3273
استقبل;3274
اسود;3275
ملحم;3276
معانق;3277
حلم;3278
فرح;3279
ايدي;3280
بطعم;3281
ذاق;3282
صرف;3283
وافدت;3284
غفير;3285
وساح;3286
بريد;3287
رتد;3288
قمص;3289
ينبض;3290
توافد;3291
وفراد;3292
ونسا;3293
طفال;3294
يرتد;3295
راي;3296
منتظر;3297
موكب;3298
تمام;3299
غصت;3300
تعج;3301
هتاف;3302
تصدح;3303
اغن;3304
وهناك;3305
اسما;3306
حناجر;3307
سمفون;3308
صاخب;3309
خروج;3310
تخرج;3311
بواب;3312
تقل;3313
طابقي;3314
طابق;3315
تزين;3316
اسد;3317
شامخ;3318
وفوق;3319
عبار;3320
بخط;3321
عريض;3322
سفرا;3323
وبد;3324
افراح;3325
تهتف;3326
غ;3327
انفس;3328
وهتف;3329
ولوح;3330
بحماس;3331
طفول;3332
عفو;3333
وحظ;3334
قنو;3335
مسجد;3336
برلم;3337
وبنك;3338
تزحف;3339
ببط;3340
تقابل;3341
صخب;3342
تعزف;3343
لحن;3344
مود;3345
فنادق;3346
يركض;3347
وكان;3348
يلاحق;3349
ورا;3350
مجد;3351
تنفجر;3352
دواخل;3353
نتما;3354
ضت;3355
مبتعد;3356
ابتعدت;3357
غابت;3358
انظار;3359
تارك;3360
وراا;3361
وط;3362
يبتسم;3363
بونو;3364
ينافس;3365
بجوايز;3366
صفح;3367
ياس;3368
شناو;3369
ندر;3370
اونا;3371
ودياز;3372
جوزيمار;3373
فوسين;3374
نير;3375
قجوع;3376
وستانل;3377
نوابيل;3378
دوارد;3379
ميند;3380
ديوف;3381
ورونو;3382
ليامز;3383
دحم;3384
بنك;3385
يصدر;3386
ركن;3387
بحوث;3388
لبنك;3389
توالي;3390
دينامي;3391
ماكرواقتصاد;3392
دخر;3393
اسر;3394
تقاسم;3395
روابط;3396
اوساط;3397
يحسم;3398
بثناي;3399
انه;3400
مهاجم;3401
مناسبت;3402
طمح;3403
يفوز;3404
يفاقم;3405
معهد;3406
امكانيا;3407
مفرط;3408
يعمق;3409
لس;3410
تغذ;3411
سراير;3412
حيوان;3413
بيوتكنولوجي;3414
بيطر;3415
يعان;3416
وزن;3417
سمن;3418
تزامن;3419
عناصر;3420
يود;3421
وفيتام;3422
رتبط;3423
بسياس;3424
مكثف;3425
خبز;3426
سكر;3427
بقولي;3428
كلغ;3429
ثمانيني;3430
حبوب;3431
عدس;3432
نتاج;3433
لحوم;3434
مزروع;3435
شاو;3436
وسيد;3437
قاسم;3438
دواجن;3439
بيض;3440
اعلاف;3441
مستورد;3442
يزيد;3443
كربون;3444
تعتمد;3445
مدخل;3446
احفور;3447
اسمد;3448
وراث;3449
رسيخ;3450
ليبرال;3451
ياب;3452
اكتفا;3453
وركز;3454
توصي;3455
ممارس;3456
وصف;3457
تقليد;3458
زيوت;3459
نبات;3460
ادراج;3461
وجب;3462
مدارس;3463
مواام;3464
صغار;3465
دمج;3466
مناهج;3467
وبرامج;3468
لضم;3469
خصص;3470
خصوصي;3471
وخلص;3472
نسيق;3473
يحافظ;3474
محتو;3475
مرصد;3476
مبيت;3477
ختلف;3478
ايوا;3479
مصنف;3480
منصرم;3481
احصايي;3482
وسس;3483
وصل;3484
وشهد;3485
لوحد;3486
طفيف;3487
بهذ;3488
ازيد;3489
وزع;3490
احزاب;3491
مصباح;3492
امان;3493
ترشيح;3494
تاطير;3495
كوين;3496
تنظيمي;3497
وبالاحزاب;3498
امثل;3499
اضعاف;3500
مكانت;3501
ديمقراط;3502
وثمنت;3503
قوان;3504
موطر;3505
تشريع;3506
مصادق;3507
مقتضي;3508
نزاهت;3509
وردع;3510
تمس;3511
افراز;3512
نزيه;3513
شرع;3514
وثق;3515
اطلاع;3516
شاريع;3517
بناا;3518
جويد;3519
مسطر;3520
اعطاب;3521
تجاوز;3522
ثغرات;3523
ونزيه;3524
وشفاف;3525
يثمن;3526
ميزاني;3527
بناصر;3528
اعقاب;3529
ثمنت;3530
شددت;3531
سراح;3532
معتقل;3533
اختبار;3534
لجد;3535
ستهل;3536
واع;3537
حيوي;3538
يكتف;3539
حويل;3540
صارم;3541
ضارب;3542
طلاق;3543
اراي;3544
بسلم;3545
مصطف;3546
ابن;3547
زاوجت;3548
ولغ;3549
تصالح;3550
وهاد;3551
صحيف;3552
اعتمدت;3553
مصطلح;3554
تنتم;3555
حقل;3556
ضاغط;3557
يقظ;3558
وسراح;3559
ختبار;3560
توسلت;3561
ستعمال;3562
تعابير;3563
وخط;3564
يجاب;3565
مراوح;3566
تصور;3567
تقبل;3568
صريح;3569
افرز;3570
احتجاجات;3571
تلقي;3572
رتياح;3573
وجوب;3574
اتخذت;3575
تنفذ;3576
تفرز;3577
ثار;3578
يبدو;3579
عتبرت;3580
مرضي;3581
وببلاغ;3582
تدريج;3583
نواي;3584
بحديث;3585
راقب;3586
تعالج;3587
خصاص;3588
يعيق;3589
يجدد;3590
محارب;3591
مطلب;3592
عرك;3593
نهم;3594
جدي;3595
وبلاغ;3596
يراع;3597
مواز;3598
بشروط;3599
حجم;3600
تولد;3601
وحدود;3602
تمنح;3603
اسلوب;3604
خشن;3605
تعامل;3606
دفتر;3607
رفعت;3608
ذك;3609
ياخذ;3610
بيد;3611
زيد;3612
بلور;3613
وربط;3614
مسوولي;3615
تضارب;3616
وه;3617
مفتوح;3618
تر;3619
درال;3620
يسار;3621
طم;3622
زهرا;3623
تامن;3624
ابانت;3625
وضعت;3626
اصبع;3627
مكمن;3628
يطرح;3629
ستنكرت;3630
استعجال;3631
ذهبت;3632
نطالب;3633
فعيل;3634
يعن;3635
مبد;3636
يفعل;3637
توقف;3638
ترافق;3639
اهداف;3640
قايل;3641
انفراج;3642
وحراك;3643
محاكم;3644
مفارق;3645
زد;3646
يعقل;3647
سج;3648
حقق;3649
ووقف;3650
تضييق;3651
مسالت;3652
اساسيت;3653
موثق;3654
تناف;3655
واسع;3656
ركيز;3657
ايد;3658
مقرب;3659
وختمت;3660
دم;3661
نخلف;3662
معزول;3663
نظوم;3664
الي;3665
تبهج;3666
منير;3667
امحيمد;3668
عبو;3669
امتنان;3670
يولي;3671
تشرف;3672
حار;3673
وعبر;3674
عميد;3675
حسام;3676
سعاد;3677
غامر;3678
وفخر;3679
وشاق;3680
شاركت;3681
مكون;3682
حافز;3683
حصد;3684
القاب;3685
كبري;3686
كرو;3687
نهايي;3688
فخور;3689
بجد;3690
نيل;3691
معرب;3692
نجاح;3693
جاسيم;3694
حظ;3695
ارتياح;3696
استثناي;3697
ارادت;3698
عازم;3699
ارتكاز;3700
توطيد;3701
وضبط;3702
محلل;3703
ولايت;3704
نزيل;3705
ظرف;3706
لايق;3707
مشاكل;3708
وحرب;3709
تذبذب;3710
متغير;3711
تلق;3712
بظلال;3713
تمنع;3714
يسجل;3715
نم;3716
تح;3717
يوليوز;3718
شدد;3719
يستمر;3720
بسرعت;3721
قت;3722
مرتكز;3723
ناتج;3724
جزا;3725
ورد;3726
ميثاق;3727
هيدروج;3728
يركز;3729
درعهتافيلالت;3730
كلميمواد;3731
وبن;3732
ملالخنيفر;3733
متوازن;3734
ردف;3735
وطيد;3736
غلاف;3737
لقطاع;3738
جود;3739
ولوج;3740
منصب;3741
تعميم;3742
معاش;3743
تقاعد;3744
عميم;3745
مديون;3746
يهيمن;3747
حكيم;3748
بدو;3749
مستعر;3750
نجم;3751
فربول;3752
انكليز;3753
ريس;3754
جرم;3755
طامح;3756
خسر;3757
نسخت;3758
اخيرت;3759
نيجيري;3760
كتور;3761
اوسيمه;3762
يدافع;3763
نابول;3764
ايطال;3765
ديمول;3766
لوكم;3767
اتالان;3768
يوروب;3769
وسا;3770
فراعن;3771
حصل;3772
مسابق;3773
ممرر;3774
سا;3775
ويج;3776
برباع;3777
وخصوص;3778
ونديال;3779
يخسر;3780
تشلس;3781
اسام;3782
رديف;3783
بقياد;3784
تنزاني;3785
وكيني;3786
وغند;3787
برصيد;3788
مدغشقر;3789
ديموقراط;3790
ماييل;3791
صنداونز;3792
افريقيااسياالمحيط;3793
هاد;3794
سجيل;3795
سعود;3796
سوبر;3797
غابون;3798
لفريق;3799
لوس;3800
انجليس;3801
ولاعب;3802
لناد;3803
كاميرون;3804
اندريهفرانك;3805
زامبو;3806
انغيس;3807
وزميل;3808
غلط;3809
سرا;3810
واطن;3811
لايح;3812
بوروسي;3813
دورتموند;3814
المان;3815
غين;3816
رهو;3817
غيراس;3818
سنغالي;3819
ايلم;3820
نديا;3821
ايفرت;3822
توتنهام;3823
وقامت;3824
فنن;3825
درب;3826
ذو;3827
ساطير;3828
وسايل;3829
مختار;3830
اخذ;3831
بع;3832
تشيل;3833
وليد;3834
كروا;3835
كرونوسلاف;3836
وبيدرو;3837
تاو;3838
بريتو;3839
ملقب;3840
ببوبيش;3841
ثياو;3842
دغشقر;3843
روموالد;3844
راكوتوندراب;3845
ايمن;3846
صفاقس;3847
سبع;3848
مصري;3849
جزير;3850
امارا;3851
اسماعيل;3852
ليب;3853
اياكس;3854
امستردام;3855
هولند;3856
توارك;3857
واجدت;3858
صر;3859
ونس;3860
وساحل;3861
عاج;3862
وجنوب;3863
وشباب;3864
وبيراميدز;3865
ونهض;3866
اختفا;3867
ابحار;3868
بوجد;3869
محتل;3870
منظمت;3871
يدلت;3872
يعثر;3873
نواح;3874
ولفت;3875
مشيرت;3876
بلاغهم;3877
لكشف;3878
واكب;3879
محنت;3880
وطالب;3881
رياس;3882
فوض;3883
مسوولياتهم;3884
نفس;3885
مناشد;3886
ووسايل;3887
سليط;3888
وازر;3889
نصاف;3890
ضحاي;3891
ماسا;3892
انسان;3893
تسلط;3894
تفاقم;3895
ارواح;3896
تهريب;3897
فغانست;3898
وباكست;3899
فوق;3900
كاقتصاد;3901
وكذلك;3902
قوقاز;3903
سي;3904
منطقت;3905
تجنب;3906
تداعي;3907
ضطراب;3908
صمود;3909
موجل;3910
استبعاد;3911
تشديد;3912
يودي;3913
اقتراض;3914
دفق;3915
فف;3916
استمرت;3917
نتعاش;3918
اقو;3919
بثمار;3920
وجهود;3921
صومال;3922
سود;3923
اتساع;3924
انخفاض;3925
عراق;3926
يوفر;3927
ثمين;3928
احتياطي;3929
اطر;3930
وقابليت;3931
تنبو;3932
يساعد;3933
بوليساريو;3934
تامل;3935
براغمات;3936
مناور;3937
ارشيف;3938
اختلفت;3939
دلالات;3940
قليل;3941
مرتقب;3942
استفتا;3943
اشراف;3944
عبير;3945
انفصال;3946
وجاد;3947
بحسن;3948
شروط;3949
اقدمت;3950
اطروحت;3951
فضاا;3952
جغراف;3953
ستبعاد;3954
دون;3955
وفرنس;3956
وخر;3957
اعطت;3958
حليفت;3959
وواقع;3960
جامد;3961
انها;3962
خرج;3963
وجود;3964
وسياق;3965
اسي;3966
مهتم;3967
بقض;3968
انعكاس;3969
نصياع;3970
حاول;3971
ستيعاب;3972
اقحام;3973
طال;3974
براغما;3975
سعيد;3976
بركن;3977
مرن;3978
وخروج;3979
انزياح;3980
وقبل;3981
وباريس;3982
ولندن;3983
وعواصم;3984
عزل;3985
انكماش;3986
تعيشهم;3987
تعنت;3988
معيار;3989
بجبه;3990
كاساس;3991
علاقات;3992
وح;3993
مصرح;3994
لهسبريس;3995
تركيب;3996
توافدت;3997
امريكي;3998
وضيح;3999
واجب;4000
كحل;4001
اجبر;4002
رك;4003
موط;4004
خريط;4005
ملي;4006
متدفق;4007
ترضا;4008
تقطت;4009
تريد;4010
موات;4011
اقلاع;4012
وبمساهم;4013
تكتيك;4014
ممنهج;4015
براق;4016
قحام;4017
وجيه;4018
مخابر;4019
قويض;4020
يكمن;4021
تصفير;4022
حصر;4023
يزداد;4024
تحاول;4025
وكلاي;4026
حاضن;4027
شتيت;4028
هديد;4029
يرعا;4030
اطال;4031
جندت;4032
وزاد;4033
شارح;4034
يفتقد;4035
فادح;4036
مزعوم;4037
طيع;4038
تستغل;4039
لفرض;4040
اجند;4041
ترفض;4042
توافق;4043
اديس;4044
ملاا;4045
كي;4046
كرست;4047
تفضح;4048
لامحدود;4049
شكيل;4050
وهذ;4051
صراح;4052
حدد;4053
بوضوح;4054
اصرار;4055
ميليشي;4056
وعمل;4057
منحاز;4058
عبي;4059
يعرقل;4060
راع;4061
تستخدم;4062
نفوذ;4063
مخابرا;4064
مساوم;4065
عطل;4066
خزاع;4067
تلاميذ;4068
استراح;4069
مجهود;4070
وفرص;4071
جسد;4072
سترجاع;4073
مطروح;4074
كيف;4075
مطلوب;4076
ترف;4077
بعنو;4078
ذهن;4079
متعلم;4080
نشرت;4081
لعلم;4082
تربو;4083
جهد;4084
ترفيه;4085
قلق;4086
تحصيل;4087
منتظم;4088
تحسنت;4089
وصت;4090
معتدل;4091
جبير;4092
مجاهد;4093
وباحث;4094
اوراق;4095
تراكمت;4096
مكتسب;4097
فروض;4098
تل;4099
انقطاع;4100
نقاط;4101
ملاحظ;4102
تنويع;4103
تلميذ;4104
بنفس;4105
وبقدر;4106
صا;4107
فيدرال;4108
لجمعي;4109
ابا;4110
مه;4111
وليا;4112
مدت;4113
يواج;4114
صعوب;4115
تحديد;4116
انسب;4117
ستجماع;4118
نطلاق;4119
وحيو;4120
مض;4121
دروس;4122
يكف;4123
متطلب;4124
مقاعد;4125
يرفع;4126
منسوب;4127
سلوكي;4128
عنيف;4129
مزج;4130
خذ;4131
قسط;4132
استجمام;4133
يفرض;4134
مشرع;4135
دد;4136
توفيق;4137
بوفرتيح;4138
هينل;4139
رتنرز;4140
جيو;4141
ضع;4142
منهجي;4143
تكنولوج;4144
اصحاب;4145
رووس;4146
تواز;4147
لقياس;4148
سويسر;4149
تذيلت;4150
كل;4151
ولبن;4152
وهاي;4153
حوكم;4154
عقيد;4155
هشاش;4156
وقدر;4157
تحليل;4158
طور;4159
ستو;4160
واجهت;4161
عتبارهم;4162
كافي;4163
ممتاز;4164
حلت;4165
تلي;4166
يطالي;4167
وخارج;4168
تصنف;4169
كوجه;4170
تعوض;4171
بقدر;4172
امكان;4173
حذر;4174
كريستي;4175
كايل;4176
فيد;4177
تكمن;4178
اماكن;4179
تستحق;4180
راغ;4181
خا;4182
رافقت;4183
تخف;4184
تلتزم;4185
ببنا;4186
جذب;4187
يستعجل;4188
افب;4189
نقابي;4190
رحبت;4191
جع;4192
ممرض;4193
متتال;4194
نقطت;4195
حلق;4196
اقسام;4197
مستعجل;4198
لعدد;4199
مناصب;4200
خريج;4201
معاهد;4202
تمريض;4203
اطبا;4204
يعرف;4205
سنوي;4206
مغادر;4207
يقارب;4208
عويض;4209
متقاعد;4210
يسا;4211
فعلي;4212
رافق;4213
اتفاقي;4214
تعويض;4215
رحم;4216
لعمير;4217
وظيف;4218
عرف;4219
وتير;4220
خصيص;4221
كو;4222
حفيز;4223
تومن;4224
يعكوب;4225
يصادف;4226
تزاما;4227
ستهلاك;4228
نخفض;4229
جل;4230
وباستقرا;4231
لوثايق;4232
حظت;4233
كهرباي;4234
برفع;4235
ثل;4236
ايلا;4237
وهلات;4238
ريح;4239
هايل;4240
نور;4241
تخز;4242
وطيل;4243
حسبم;4244
طالع;4245
تستمر;4246
درع;4247
تافيلالت;4248
ميدلت;4249
ونور;4250
عيونالساق;4251
تقود;4252
مازن;4253
وبجه;4254
طنجهتطوانالحسيم;4255
وفاسمكناس;4256
تقرر;4257
نسيم;4258
تاز;4259
داخلهواد;4260
ستبدال;4261
ديزل;4262
كتلك;4263
لنقل;4264
خز;4265
انابيب;4266
مصغر;4267
كتشاف;4268
تندرار;4269
استهداف;4270
مستند;4271
كيلو;4272
فولط;4273
بوحاميد;4274
رياد;4275
انتقال;4276
شابك;4277
كتزويد;4278
لخلق;4279
تصدير;4280
متزايد;4281
وللمملك;4282
متع;4283
بصحرا;4284
شاسع;4285
شعاع;4286
مصانع;4287
محطات;4288
تقليل;4289
استقلال;4290
جزي;4291
جمل;4292
ارسا;4293
ذاتي;4294
حقن;4295
مرونت;4296
كفا;4297
ميغاواط;4298
شهري;4299
يشجع;4300
حقول;4301
وشمس;4302
لزياد;4303
متاح;4304
تنامي;4305
تغذي;4306
مح;4307
تحسين;4308
رحيم;4309
كسير;4310
ايتلاف;4311
هيمن;4312
لكسير;4313
كرب;4314
فق;4315
ونالت;4316
ونشر;4317
لفتح;4318
وعلم;4319
وقانون;4320
مواطني;4321
وقروض;4322
ميسر;4323
فايض;4324
مراسيم;4325
طاقت;4326
واح;4327
ستثمار;4328
مفهوم;4329
تعدد;4330
ارجح;4331
وقلق;4332
افا;4333
نسمع;4334
كثير;4335
وليست;4336
تنبثق;4337
رتكز;4338
تندرج;4339
ولتعزيز;4340
موطد;4341
شي;4342
لنمط;4343
تفكير;4344
خلاقي;4345
وخدم;4346
معلوم;4347
اساليب;4348
نماط;4349
نملك;4350
يلزم;4351
مساف;4352
دلال;4353
ينتج;4354
ورصد;4355
جدير;4356
بشاير;4357
قتضي;4358
عصر;4359
اطرح;4360
صيغ;4361
شك;4362
يستلزم;4363
تحرر;4364
داير;4365
دعا;4366
سمع;4367
واحد;4368
وقايع;4369
فلسفي;4370
وسياسي;4371
وبالخصوص;4372
وكيف;4373
تيار;4374
لنعت;4375
ذهاب;4376
تكتسب;4377
مشروعيت;4378
نعلم;4379
تصريف;4380
ازا;4381
مراعا;4382
مساوا;4383
لصياغ;4384
اغنا;4385
حج;4386
تعقد;4387
ثير;4388
ثور;4389
كاسح;4390
بح;4391
خلخلت;4392
ازالت;4393
تخلخل;4394
اعتاد;4395
يحير;4396
لطرق;4397
كلاسيك;4398
استشار;4399
فاوت;4400
طبيعت;4401
وقوت;4402
صحاب;4403
ارتكز;4404
تماسك;4405
طبيق;4406
فهوم;4407
اعقد;4408
وسوسيوثقاف;4409
علام;4410
ستلزم;4411
وعي;4412
مطابق;4413
نخراط;4414
جماعي;4415
بعاد;4416
تساوق;4417
الف;4418
انفك;4419
يضيق;4420
مساال;4421
مانو;4422
متطرف;4423
ناف;4424
تطرف;4425
تستبعد;4426
ولعل;4427
بديه;4428
معلق;4429
موق;4430
تارجح;4431
تردد;4432
تبرز;4433
يستوجب;4434
توسس;4435
كيفي;4436
مصطنع;4437
يستجيب;4438
ممن;4439
ينطق;4440
مقاوم;4441
وصعوب;4442
رخو;4443
وللمستجد;4444
معط;4445
كالتال;4446
مكتوب;4447
كترون;4448
استجلا;4449
متموج;4450
اجيج;4451
تنعت;4452
بور;4453
اذع;4454
يضم;4455
لقراا;4456
لغو;4457
ووضع;4458
ولوسايل;4459
اخص;4460
منزلق;4461
تبديد;4462
ولاسيم;4463
يسمي;4464
عرو;4465
عوايق;4466
عان;4467
مرجعي;4468
وبالظهير;4469
وقان;4470
بدي;4471
يعرض;4472
اعلامي;4473
واصلي;4474
بعروض;4475
تكاثر;4476
وبودكاست;4477
استسلام;4478
كراه;4479
ذريع;4480
اطمين;4481
ابعاد;4482
تجاذب;4483
ضيق;4484
هويات;4485
ذرايع;4486
مازالت;4487
توافقت;4488
تحييد;4489
مضجر;4490
رقي;4491
تعاقد;4492
ولترجم;4493
راجح;4494
فعمل;4495
تستدع;4496
تب;4497
نسوب;4498
صاعد;4499
وللزيف;4500
وبتشتت;4501
ينجم;4502
يسعف;4503
ايجاد;4504
يناسب;4505
افتراض;4506
انتجت;4507
ظواهر;4508
صوا;4509
وصور;4510
وجماع;4511
مستعد;4512
عقلان;4513
مقاصد;4514
تخدير;4515
وجهت;4516
انعاش;4517
وجمع;4518
رز;4519
وهموم;4520
جمود;4521
يطبع;4522
يحدد;4523
صلاحيات;4524
سووليات;4525
وذكرت;4526
تميز;4527
فصل;4528
مرسوم;4529
هن;4530
راهن;4531
مذكورت;4532
اجتهاد;4533
رسخ;4534
قاعدت;4535
اولاهم;4536
مبرمج;4537
لطبيب;4538
يزاول;4539
ممرضو;4540
سوولي;4541
فتنص;4542
يجوز;4543
يقرر;4544
تحتمل;4545
متخصص;4546
تثير;4547
رتب;4548
تداخل;4549
حداث;4550
حراس;4551
الزام;4552
مداوم;4553
وطالبت;4554
قصد;4555
منصوص;4556
بهي;4557
تحدد;4558
اتباع;4559
مخول;4560
اجال;4561
توثيق;4562
اوصي;4563
عتماد;4564
مطبوع;4565
يوثق;4566
يوقع;4567
توحيد;4568
فحص;4569
سرير;4570
بروتوكول;4571
يصادق;4572
جهيز;4573
دو;4574
بيوطب;4575
حصري;4576
لوايح;4577
زام;4578
طبا;4579
كرييس;4580
مريض;4581
اكد;4582
عذر;4583
تحاق;4584
مراسل;4585
تنبع;4586
صحي;4587
بجميع;4588
رام;4589
مقدمت;4590
ركايز;4591
بعرض;4592
يلاق;4593
ببنك;4594
حكومي;4595
لوجيستيك;4596
وفد;4597
ستقبال;4598
توفرت;4599
لجريد;4600
احتضن;4601
تباحث;4602
يخل;4603
جمال;4604
متصل;4605
لوجيست;4606
بزنا;4607
جاف;4608
سوسماس;4609
نواصر;4610
سلاسل;4611
انسياب;4612
استعراض;4613
اشطر;4614
تطرقبالخصوصللمشاريع;4615
مقطع;4616
كجز;4617
لحشد;4618
وضخم;4619
يثلج;4620
تقام;4621
وثب;4622
ممول;4623
وبعيد;4624
توسع;4625
تجرب;4626
تطرق;4627
وراح;4628
بجنب;4629
حواضر;4630
سير;4631
عض;4632
ونتطلع;4633
اعمق;4634
لكيف;4635
وشبك;4636
انواع;4637
منافع;4638
امل;4639
حمز;4640
شق;4641
وللسيطر;4642
بنطالب;4643
هاجس;4644
وكبح;4645
طيل;4646
ساهمت;4647
مصحوب;4648
وضحاي;4649
وسجلت;4650
هامشي;4651
حشد;4652
لياري;4653
نشا;4654
ايتمان;4655
بينت;4656
تصاعد;4657
مضيق;4658
تمويلا;4659
بقيت;4660
ندماج;4661
زاد;4662
يورد;4663
عين;4664
ابط;4665
كوفيد;4666
وكشفت;4667
وغالب;4668
مستثن;4669
طاري;4670
عادت;4671
جنوبجنوب;4672
استراتيجي;4673
تفويض;4674
مبكر;4675
ابعت;4676
رمزي;4677
شت;4678
قترحت;4679
تخل;4680
احتجاز;4681
وخلق;4682
قسر;4683
جماد;4684
راقبت;4685
ربيع;4686
موافق;4687
فتاكد;4688
ثبوت;4689
روي;4690
تنه;4691
تصلت;4692
وبوحد;4693
كد;4694
جميع;4695
استكمل;4696
مبارك;4697
وحام;4698
حم;4699
جليل;4700
وصن;4701
وساير;4702
هنا;4703
قاطب;4704
سميع;4705
مجيب;4706
بورص;4707
انهت;4708
تداولات;4709
ماز;4710
ستقر;4711
اغلق;4712
ايس;4713
موروكو;4714
وشر;4715
ليكيد;4716
وبنسب;4717
منيب;4718
تنتقد;4719
اوضحت;4720
شذوذ;4721
جنس;4722
ناهج;4723
محو;4724
مساجد;4725
تنب;4726
انتقاد;4727
لطريق;4728
حت;4729
قب;4730
قالت;4731
ربطت;4732
نتقاد;4733
دوار;4734
ودعوات;4735
لغاي;4736
مناهضو;4737
تطبيع;4738
تاكد;4739
صحت;4740
وثوقيت;4741
طمان;4742
بضبط;4743
وحذف;4744
بصح;4745
يظهر;4746
وخطور;4747
مداخلت;4748
وطريق;4749
تدريس;4750
وبسبب;4751
توضيح;4752
لفكرت;4753
لك;4754
متلق;4755
قاعس;4756
انتشال;4757
بداي;4758
وشاب;4759
يدرس;4760
لق;4761
تكوي;4762
حاولت;4763
متبع;4764
ساس;4765
يشرح;4766
تميم;4767
ظهير;4768
تسببت;4769
بر;4770
محرك;4771
متسارع;4772
مذكور;4773
حير;4774
وهزال;4775
وذوي;4776
استوجب;4777
اوكلت;4778
وضوع;4779
تامين;4780
احتياط;4781
ورياس;4782
قتراح;4783
عالجت;4784
حصول;4785
منصف;4786
ضرر;4787
لحق;4788
مساس;4789
شراي;4790
طيات;4791
مفاهيم;4792
تفسير;4793
تاويل;4794
كسب;4795
وضعي;4796
تقادم;4797
صلح;4798
وطلب;4799
لحال;4800
نقطاع;4801
سريان;4802
مكفول;4803
كافل;4804
زوج;4805
عاجز;4806
متدرب;4807
قواعد;4808
احتساب;4809
درهم;4810
جرهم;4811
تنصيص;4812
استثنا;4813
مصاريف;4814
جناز;4815
ونقل;4816
جثم;4817
معنو;4818
تشطير;4819
اثب;4820
متضرر;4821
اصناف;4822
استرجاع;4823
تعلق;4824
استبدال;4825
عاه;4826
كاليف;4827
تحاليل;4828
اصاب;4829
بسيط;4830
ابقا;4831
نماذج;4832
شواهد;4833
بنص;4834
اختصار;4835
وطبيب;4836
وسيل;4837
تثبت;4838
ستثنا;4839
بنت;4840
يسقط;4841
ملزم;4842
نفقت;4843
رجوع;4844
وضما;4845
لحصول;4846
تمييز;4847
وبشكل;4848
متطور;4849
لغاز;4850
بوط;4851
سعر;4852
مقاص;4853
سطوان;4854
كيلوغرام;4855
درا;4856
بسن;4857
يغط;4858
يبرز;4859
بوت;4860
تنازلي;4861
ماضي;4862
توسط;4863
قدار;4864
طن;4865
وبخصوص;4866
منتوج;4867
وبالتكيف;4868
سفن;4869
حمول;4870
سمح;4871
بخفض;4872
تفريغ;4873
تضاعف;4874
تقريب;4875
ديموغراف;4876
تمدن;4877
وسهول;4878
وبلغ;4879
اسطوان;4880
شكلت;4881
انعكس;4882
لحص;4883
وبالمقارن;4884
بكثير;4885
ندونيسي;4886
مواضيع;4887
نتقال;4888
اشترك;4889
صلك;4890
اضف;4891
تعليقك;4892
احرف;4893
متبق;4894
اساا;4895
مقدس;4896
اله;4897
ابتعاد;4898
تحريض;4899
شتايم;4900
ارا;4901
تعبر;4902
اسفل;4903
تصاعدي;4904
سبب;4905
بنكير;4906
يسع;4907
حذف;4908
نمنح;4909
فالح;4910
يستهلك;4911
قنين;4912
فراقش;4913
اع;4914
از;4915
مقلوب;4916
اخوي;4917
تقدرش;4918
تزول;4919
كيستافدو;4920
اصجاب;4921
اوطيل;4922
مطاعم;4923
اسيد;4924
زولو;4925
فنفس;4926
حولو;4927
هدوك;4928
مستشفي;4929
مداررا;4930
كتكدبو;4931
تعط;4932
يخلص;4933
لولدو;4934
خل;4935
مصح;4936
ينهشو;4937
لحمو;4938
يكمل;4939
متص;4940
دمو;4941
اي;4942
يهدي;4943
فتن;4944
كا;4945
كينوض;4946
حاكم;4947
اذهب;4948
حلوي;4949
مطعم;4950
انته;4951
محترم;4952
كريم;4953
مجان;4954
راق;4955
تحترم;4956
ماش;4957
لفرش;4958
تغني;4959
طريقهاذ;4960
تحققت;4961
فل;4962
جيوب;4963
برلماني;4964
يلتهم;4965
امريكيمغرب;4966
رسول;4967
حمدلل;4968
نعم;4969
ورعا;4970
وشفا;4971
لهد;4972
انعم;4973
انك;4974
رحمن;4975
ابو;4976
خططت;4977
موزع;4978
مت;4979
ربم;4980
تخاف;4981
شعبيت;4982
صناديق;4983
اقتراع;4984
ولهذ;4985
تركت;4986
سمير;4987
تعويم;4988
حدف;4989
ادر;4990
عواقب;4991
مصيب;4992
موظف;4993
شرا;4994
يستخدم;4995
مستفد;4996
بديل;4997
كير;4998
رباعتو;4999
تزععزع;5000
ياخد;5001
مور;5002
بيه;5003
راك;5004
غالط;5005
منع;5006
نك;5007
شتر;5008
لفت;5009
وخيزو;5010
خضر;5011
اثمن;5012
نتظر;5013
يزول;5014
نواع;5015
دجاج;5016
فعفاك;5017
صحح;5018
معلوما;5019
كالمواطن;5020
تراقب;5021
سماسر;5022
يذهب;5023
محتكر;5024
مضارب;5025
نعكس;5026
تدمير;5027
باطرو;5028
تخلت;5029
ييجب;5030
مغني;5031
ماثر;5032
محام;5033
صدوق;5034
صحيح;5035
زالت;5036
اعتقاد;5037
فغاز;5038
مخابز;5039
لذلك;5040
فسيرتفع;5041
تباع;5042
غازوال;5043
قفزت;5044
يظن;5045
اغل;5046
جرد;5047
يمس;5048
مطبخ;5049
كالالواح;5050
منازل;5051
انار;5052
طه;5053
وبدالك;5054
تستود;5055
تبيع;5056
لسواد;5057
فقرا;5058
ولكن;5059
مشروب;5060
اطن;5061
رباب;5062
فقير;5063
ولو;5064
كبدا;5065
عمش;5066
اعم;5067
غينطلق;5068
اقول;5069
عدمي;5070
يقول;5071
تعطيك;5072
نت;5073
نايم;5074
اتمن;5075
بصور;5076
ولمد;5077
تشجيع;5078
افقر;5079
طبع;5080
اذن;5081
يدعم;5082
زيت;5083
محروق;5084
يشتك;5085
نهب;5086
بطرق;5087
بنعبد;5088
عاال;5089
محتاج;5090
اسبوعالمقه;5091
تصب;5092
ملابس;5093
ظلم;5094
اجير;5095
تمول;5096
عجزت;5097
اوليك;5098
ضيع;5099
تربيت;5100
غنيا;5101
فتفرض;5102
عفا;5103
تدقيق;5104
يكتنف;5105
لصوص;5106
تبوحيط;5107
هش;5108
ردي;5109
بواخر;5110
شحن;5111
تخلويض;5112
حميد;5113
كلش;5114
كايقر;5115
وكايقارن;5116
لخر;5117
زميط;5118
اتق;5119
يزعم;5120
يدعمون;5121
وخير;5122
كالفصولي;5123
باع;5124
وهكد;5125
دوالك;5126
ونحن;5127
عصاب;5128
تلاعب;5129
غداا;5130
وصاحب;5131
اكتر;5132
يستفذ;5133
طبق;5134
شغيل;5135
مول;5136
تعريج;5137
هوم;5138
كيشكيو;5139
عوتان;5140
بدعم;5141
قالك;5142
كيلمحو;5143
يرفعو;5144
مسعور;5145
اخط;5146
يطالب;5147
ابتداي;5148
علاش;5149
كيسيرو;5150
اكفا;5151
احس;5152
رابح;5153
يستخلص;5154
بط;5155
منتفخ;5156
ابتلا;5157
شوون;5158
يستحي;5159
يصرح;5160
ولعلم;5161
مستخلص;5162
وزياد;5163
شروطك;5164
شا;5165
ببساط;5166
كنت;5167
تقر;5168
عقلك;5169
يفيد;5170
لديك;5171
فضول;5172
طلعت;5173
تشكيك;5174
تنتج;5175
يملك;5176
ثرو;5177
عن;5178
نربح;5179
قسمنا;5180
ريد;5181
مجاني;5182
بجود;5183
ستشفي;5184
تضاه;5185
سويد;5186
مشمس;5187
تشرق;5188
ثلاثما;5189
تضيع;5190
هبا;5191
منثور;5192
بغراب;5193
يضيع;5194
بترول;5195
بنشر;5196
ها;5197
اضاع;5198
فعد;5199
تستعمل;5200
رياحالمد;5201
اضاا;5202
لربح;5203
كالانفجار;5204
تلوث;5205
فهل;5206
مفكر;5207
معفي;5208
لقان;5209
معمر;5210
مقاه;5211
ثلث;5212
معنا;5213
تخفيض;5214
تسعر;5215
بروكسل;5216
تقرض;5217
قاهر;5218
ملايير;5219
تختبر;5220
اسلح;5221
طقس;5222
تلامس;5223
هو;5224
نتز;5225
تطوق;5226
عنق;5227
مسلمو;5228
يندد;5229
بعنصر;5230
ميرتس;5231
ببوركي;5232
احتفال;5233
نتخبالاشبال;5234
يحتج;5235
ابوظب;5236
اغذ;5237
صخير;5238
شغال;5239
شكاي;5240
ودراست;5241
بعمق;5242
برمج;5243
منتصف;5244
شكا;5245
دراست;5246
شكايت;5247
مشتك;5248
بحوال;5249
موجب;5250
تمهيد;5251
ابراز;5252
هيي;5253
تستشرف;5254
رايج;5255
يشار;5256
تنظمهم;5257
مفتش;5258
وخيانعل;5259
خصوصالتعريف;5260
شخيص;5261
مقوم;5262
تعاط;5263
